[{"Centroid":[0,2],"ClusterData":[[1,3],[0,2],[0.5,1.5]],"ClusterDataDistanceToCentroid":[1.4142135623730952,0,0.70710678118654757],"ClusterDataOriginalIndex":[0,1,4],"ClusterOfNearestForeignSample":1,"DistanceToNearestClusterCentroid":11.661903789690602,"DistanceToNearestForeignSample":10.295630140987,"DistanceToNearestForeignSampleInNearestCluster":10.295630140987,"InClusterFarthestSample":[1,3],"InClusterFarthestSampleIndex":0,"InClusterMaxDistance":1.4142135623730952,"Mean":[0.5,2.1666666666666665],"NearestCluster":1,"NearestForeignSample":[9,7],"NearestForeignSampleInNearestCluster":[9,7],"StandardDeviation":[0.408248290463863,0.62360956446232352]},{"Centroid":[10,8],"ClusterData":[[9,7],[8,9],[10,8],[10.5,11]],"ClusterDataDistanceToCentroid":[1.4142135623730952,2.23606797749979,0,3.0413812651491097],"ClusterDataOriginalIndex":[2,7,10,11],"ClusterOfNearestForeignSample":0,"DistanceToNearestClusterCentroid":11.661903789690602,"DistanceToNearestForeignSample":10.295630140987,"DistanceToNearestForeignSampleInNearestCluster":10.295630140987,"InClusterFarthestSample":[10.5,11],"InClusterFarthestSampleIndex":3,"InClusterMaxDistance":3.0413812651491097,"Mean":[9.375,8.75],"NearestCluster":0,"NearestForeignSample":[1,3],"NearestForeignSampleInNearestCluster":[1,3],"StandardDeviation":[0.960143218483576,1.479019945774904]},{"Centroid":[26,23.5],"ClusterData":[[25,20],[27,22],[25,28],[26,23.5],[24,22]],"ClusterDataDistanceToCentroid":[3.640054944640259,1.8027756377319946,4.6097722286464435,0,2.5],"ClusterDataOriginalIndex":[3,5,6,8,9],"ClusterOfNearestForeignSample":1,"DistanceToNearestClusterCentroid":22.276669409945463,"DistanceToNearestForeignSample":19.912307751739878,"DistanceToNearestForeignSampleInNearestCluster":19.912307751739878,"InClusterFarthestSample":[25,28],"InClusterFarthestSampleIndex":2,"InClusterMaxDistance":4.6097722286464435,"Mean":[25.400000000000002,23.1],"NearestCluster":1,"NearestForeignSample":[10.5,11],"NearestForeignSampleInNearestCluster":[10.5,11],"StandardDeviation":[1.019803902718557,2.6907248094147422]}]