[{"Centroid":[0,2,2.5],"ClusterData":[[1,3,2],[0,2,2.5],[0.5,1.5,1]],"ClusterDataDistanceToCentroid":[1.5,0,1.6583123951777],"ClusterDataOriginalIndex":[0,1,4],"ClusterOfNearestForeignSample":1,"DistanceToNearestClusterCentroid":12.893796958227627,"DistanceToNearestForeignSample":12.459935794377111,"DistanceToNearestForeignSampleInNearestCluster":12.459935794377111,"InClusterFarthestSample":[0.5,1.5,1],"InClusterFarthestSampleIndex":2,"InClusterMaxDistance":1.6583123951777,"Mean":[0.5,2.1666666666666665,1.8333333333333333],"NearestCluster":1,"NearestForeignSample":[8,9,9],"NearestForeignSampleInNearestCluster":[8,9,9],"StandardDeviation":[0.408248290463863,0.62360956446232352,0.62360956446232352]},{"Centroid":[10,8,8],"ClusterData":[[9,7,10],[8,9,9],[10,8,8],[10.5,11,8]],"ClusterDataDistanceToCentroid":[2.4494897427831779,2.4494897427831779,0,3.0413812651491097],"ClusterDataOriginalIndex":[2,7,10,11],"ClusterOfNearestForeignSample":0,"DistanceToNearestClusterCentroid":12.893796958227627,"DistanceToNearestForeignSample":11.916375287812985,"DistanceToNearestForeignSampleInNearestCluster":11.916375287812985,"InClusterFarthestSample":[10.5,11,8],"InClusterFarthestSampleIndex":3,"InClusterMaxDistance":3.0413812651491097,"Mean":[9.375,8.75,8.75],"NearestCluster":0,"NearestForeignSample":[1,3,2],"NearestForeignSampleInNearestCluster":[1,3,2],"StandardDeviation":[0.960143218483576,1.479019945774904,0.82915619758885]},{"Centroid":[24,22,25],"ClusterData":[[25,20,23],[27,22,24],[25,28,26],[26,23.5,27],[24,22,25]],"ClusterDataDistanceToCentroid":[3,3.1622776601683795,6.164414002968976,3.2015621187164243,0],"ClusterDataOriginalIndex":[3,5,6,8,9],"ClusterOfNearestForeignSample":1,"DistanceToNearestClusterCentroid":26.095976701399778,"DistanceToNearestForeignSample":24.336187047275914,"DistanceToNearestForeignSampleInNearestCluster":24.336187047275914,"InClusterFarthestSample":[25,28,26],"InClusterFarthestSampleIndex":2,"InClusterMaxDistance":6.164414002968976,"Mean":[25.400000000000002,23.1,25],"NearestCluster":1,"NearestForeignSample":[10.5,11,8],"NearestForeignSampleInNearestCluster":[10.5,11,8],"StandardDeviation":[1.019803902718557,2.6907248094147422,1.4142135623730952]}]