﻿<?xml version="1.0" encoding="utf-8"?>
<HelpKI>
  <HelpKINode Title="AnomalyDetection.Interfaces namespace" Url="html/c96bdaf8-f960-d04a-1500-8244937d85d2.htm" />
  <HelpKINode Title="AnomalyDetection.Interfaces.AnomalyDetectionResponse class" Url="html/016783b6-dab4-1427-5b02-c9e609d59bd8.htm" />
  <HelpKINode Title="AnomalyDetection.Interfaces.CheckingSampleSettings class" Url="html/0a3d0bd1-3187-02ab-90f3-7b6259673090.htm" />
  <HelpKINode Title="AnomalyDetection.Interfaces.ClusteringResults class" Url="html/a7cd4cd3-e12c-4643-791b-e5519789f452.htm" />
  <HelpKINode Title="AnomalyDetection.Interfaces.ClusteringSettings class" Url="html/64667bda-b24a-4460-945d-b48c30ffac00.htm" />
  <HelpKINode Title="AnomalyDetection.Interfaces.IAnomalyDetectionApi interface" Url="html/2f24f852-99d9-94e5-572b-a69261be5b19.htm" />
  <HelpKINode Title="AnomalyDetectionResponse class">
    <HelpKINode Title="AnomalyDetectionResponse Class" Url="html/016783b6-dab4-1427-5b02-c9e609d59bd8.htm" />
    <HelpKINode Title="about AnomalyDetectionResponse class" Url="html/016783b6-dab4-1427-5b02-c9e609d59bd8.htm" />
    <HelpKINode Title="constructor" Url="html/850da876-ad78-244a-dce8-dda682207624.htm" />
    <HelpKINode Title="properties" Url="html/11de1317-a690-5d15-68cc-07174d47f184.htm" />
  </HelpKINode>
  <HelpKINode Title="AnomalyDetectionResponse.AnomalyDetectionResponse constructor" Url="html/850da876-ad78-244a-dce8-dda682207624.htm" />
  <HelpKINode Title="AnomalyDetectionResponse.Code property" Url="html/818c9872-1b9f-965c-7736-c3a28956b2ab.htm" />
  <HelpKINode Title="AnomalyDetectionResponse.Message property" Url="html/f9a793a1-ac08-8387-4d0f-08bfd428f2d4.htm" />
  <HelpKINode Title="AssignSamplesToClusters method" Url="html/95b048bb-9dd1-ac8e-d814-151183d43d28.htm" />
  <HelpKINode Title="CalculateDistance method" Url="html/2d33f239-0eb0-9ff4-87f7-694b0585bab9.htm" />
  <HelpKINode Title="CalculateMoreStatistics method" Url="html/4c375ec6-52fc-61bd-20cb-5773b228ac24.htm" />
  <HelpKINode Title="CalculateNearestCluster method" Url="html/18bc4587-a861-425e-a0eb-091fa3c20daa.htm" />
  <HelpKINode Title="CalculateStatistics method" Url="html/20104296-e2ba-a68b-5d30-8d4d121b8021.htm" />
  <HelpKINode Title="Centroid property" Url="html/2fa69c75-1bb8-e63a-3734-a5ab97688649.htm" />
  <HelpKINode Title="CheckingSampleSettings class">
    <HelpKINode Title="CheckingSampleSettings Class" Url="html/0a3d0bd1-3187-02ab-90f3-7b6259673090.htm" />
    <HelpKINode Title="about CheckingSampleSettings class" Url="html/0a3d0bd1-3187-02ab-90f3-7b6259673090.htm" />
    <HelpKINode Title="constructor" Url="html/8c384363-bc3d-50c2-0343-cda68e9115ae.htm" />
    <HelpKINode Title="properties" Url="html/c088e104-b2a4-ea31-9209-b7dc41da307c.htm" />
  </HelpKINode>
  <HelpKINode Title="CheckingSampleSettings.CheckingSampleSettings constructor" Url="html/8c384363-bc3d-50c2-0343-cda68e9115ae.htm" />
  <HelpKINode Title="CheckingSampleSettings.ProjectPath property" Url="html/62b5dc60-1f93-fb26-f48f-8f6a282500fb.htm" />
  <HelpKINode Title="CheckingSampleSettings.Sample property" Url="html/5ec20095-389b-d946-0bf3-0561baed69c6.htm" />
  <HelpKINode Title="CheckingSampleSettings.tolerance property" Url="html/39b012d3-5ccb-1ae7-0114-81638a428657.htm" />
  <HelpKINode Title="CheckSample method" Url="html/31409a67-829f-13fb-ce19-397ff8bc7a1d.htm" />
  <HelpKINode Title="ClusterData property" Url="html/8b1e32bd-2149-261f-1f50-bae1f572f60f.htm" />
  <HelpKINode Title="ClusterDataDistanceToCentroid property" Url="html/a512c7bc-7b9a-970b-7aa3-68391dfe33db.htm" />
  <HelpKINode Title="ClusterDataOriginalIndex property" Url="html/5b7af3c3-979e-4ade-d2d7-4495c68671b2.htm" />
  <HelpKINode Title="ClusteringResults class">
    <HelpKINode Title="ClusteringResults Class" Url="html/a7cd4cd3-e12c-4643-791b-e5519789f452.htm" />
    <HelpKINode Title="about ClusteringResults class" Url="html/a7cd4cd3-e12c-4643-791b-e5519789f452.htm" />
    <HelpKINode Title="constructor" Url="html/d5205a70-88c5-5942-b90b-9d4d3b79621a.htm" />
    <HelpKINode Title="methods" Url="html/5edaeb6b-e99a-c193-09ef-d1e8b885250e.htm" />
    <HelpKINode Title="properties" Url="html/fed6e27e-2b5f-f5f7-da30-e151a6f14954.htm" />
  </HelpKINode>
  <HelpKINode Title="ClusteringResults.AssignSamplesToClusters method" Url="html/95b048bb-9dd1-ac8e-d814-151183d43d28.htm" />
  <HelpKINode Title="ClusteringResults.CalculateDistance method" Url="html/2d33f239-0eb0-9ff4-87f7-694b0585bab9.htm" />
  <HelpKINode Title="ClusteringResults.CalculateMoreStatistics method" Url="html/4c375ec6-52fc-61bd-20cb-5773b228ac24.htm" />
  <HelpKINode Title="ClusteringResults.CalculateNearestCluster method" Url="html/18bc4587-a861-425e-a0eb-091fa3c20daa.htm" />
  <HelpKINode Title="ClusteringResults.CalculateStatistics method" Url="html/20104296-e2ba-a68b-5d30-8d4d121b8021.htm" />
  <HelpKINode Title="ClusteringResults.Centroid property" Url="html/2fa69c75-1bb8-e63a-3734-a5ab97688649.htm" />
  <HelpKINode Title="ClusteringResults.ClusterData property" Url="html/8b1e32bd-2149-261f-1f50-bae1f572f60f.htm" />
  <HelpKINode Title="ClusteringResults.ClusterDataDistanceToCentroid property" Url="html/a512c7bc-7b9a-970b-7aa3-68391dfe33db.htm" />
  <HelpKINode Title="ClusteringResults.ClusterDataOriginalIndex property" Url="html/5b7af3c3-979e-4ade-d2d7-4495c68671b2.htm" />
  <HelpKINode Title="ClusteringResults.ClusteringResults constructor" Url="html/d5205a70-88c5-5942-b90b-9d4d3b79621a.htm" />
  <HelpKINode Title="ClusteringResults.ClusterOfNearestForeignSample property" Url="html/bb6c608a-c2de-97d9-630f-90fa09f47b71.htm" />
  <HelpKINode Title="ClusteringResults.CreateClusteringResult method" Url="html/adecbc56-2341-c7d0-47d4-362e61b26a42.htm" />
  <HelpKINode Title="ClusteringResults.DistanceToNearestClusterCentroid property" Url="html/45a53726-8f1c-72e4-e503-7d0f5b2bc9f2.htm" />
  <HelpKINode Title="ClusteringResults.DistanceToNearestForeignSample property" Url="html/3ec87f43-2cc8-6a0b-dc8f-379dbdf6d6d3.htm" />
  <HelpKINode Title="ClusteringResults.DistanceToNearestForeignSampleInNearestCluster property" Url="html/5735331f-0dfc-3af1-4c0e-2f4a9efe809b.htm" />
  <HelpKINode Title="ClusteringResults.InClusterFarthestSample property" Url="html/027d7960-a946-81b5-5408-07499e03e2a6.htm" />
  <HelpKINode Title="ClusteringResults.InClusterFarthestSampleIndex property" Url="html/c46331db-8a93-343f-0965-d9e92dbd79a8.htm" />
  <HelpKINode Title="ClusteringResults.InClusterMaxDistance property" Url="html/e3dca21b-8151-a3f2-0ed2-720f1580dbd4.htm" />
  <HelpKINode Title="ClusteringResults.Mean property" Url="html/d2900388-b5fa-1bc2-bfb3-38d9a9c765ef.htm" />
  <HelpKINode Title="ClusteringResults.NearestCluster property" Url="html/df351689-1e87-d00e-b35d-d65bf1b7fa76.htm" />
  <HelpKINode Title="ClusteringResults.NearestForeignSample property" Url="html/ef777dea-d55d-0d74-3e3e-a28917409450.htm" />
  <HelpKINode Title="ClusteringResults.NearestForeignSampleInNearestCluster property" Url="html/82627b50-7907-7b45-f605-2d46726faaaf.htm" />
  <HelpKINode Title="ClusteringResults.SamplesInClusterNumber method" Url="html/0383961e-84c2-349c-02cc-a0fb087c3a79.htm" />
  <HelpKINode Title="ClusteringResults.StandardDeviation property" Url="html/63824e06-b3ae-bc84-7d62-8cd2b5c768de.htm" />
  <HelpKINode Title="ClusteringSettings class">
    <HelpKINode Title="ClusteringSettings Class" Url="html/64667bda-b24a-4460-945d-b48c30ffac00.htm" />
    <HelpKINode Title="about ClusteringSettings class" Url="html/64667bda-b24a-4460-945d-b48c30ffac00.htm" />
    <HelpKINode Title="constructor" Url="html/c3e0c3a1-9017-e541-15e5-fac058ba92ac.htm" />
    <HelpKINode Title="properties" Url="html/d8a9d58f-e366-01d8-06a9-ea57155f96ae.htm" />
  </HelpKINode>
  <HelpKINode Title="ClusteringSettings.ClusteringSettings constructor" Url="html/c3e0c3a1-9017-e541-15e5-fac058ba92ac.htm" />
  <HelpKINode Title="ClusteringSettings.KmeansMaxIterations property" Url="html/cb9290e8-a396-c3c5-fe65-20a942d881e5.htm" />
  <HelpKINode Title="ClusteringSettings.LoadPath property" Url="html/c0d66d51-da5d-945b-85f4-81928942eafa.htm" />
  <HelpKINode Title="ClusteringSettings.NumberOfAttributes property" Url="html/edf6f75e-561f-f508-27d0-7b1f90064e10.htm" />
  <HelpKINode Title="ClusteringSettings.NumberOfClusters property" Url="html/5561483f-e852-3588-0b9e-fc126f0da1af.htm" />
  <HelpKINode Title="ClusteringSettings.RawData property" Url="html/28a1086a-a342-c4f5-67d2-031fb09d0458.htm" />
  <HelpKINode Title="ClusteringSettings.Replace property" Url="html/64559493-315f-7497-0025-e78a9bf3e15b.htm" />
  <HelpKINode Title="ClusteringSettings.SavePath property" Url="html/e3c7efdb-776f-854f-f5be-85dafa67fd2d.htm" />
  <HelpKINode Title="ClusterOfNearestForeignSample property" Url="html/bb6c608a-c2de-97d9-630f-90fa09f47b71.htm" />
  <HelpKINode Title="Code property" Url="html/818c9872-1b9f-965c-7736-c3a28956b2ab.htm" />
  <HelpKINode Title="CreateClusteringResult method" Url="html/adecbc56-2341-c7d0-47d4-362e61b26a42.htm" />
  <HelpKINode Title="DistanceToNearestClusterCentroid property" Url="html/45a53726-8f1c-72e4-e503-7d0f5b2bc9f2.htm" />
  <HelpKINode Title="DistanceToNearestForeignSample property" Url="html/3ec87f43-2cc8-6a0b-dc8f-379dbdf6d6d3.htm" />
  <HelpKINode Title="DistanceToNearestForeignSampleInNearestCluster property" Url="html/5735331f-0dfc-3af1-4c0e-2f4a9efe809b.htm" />
  <HelpKINode Title="GetPreviousSamples method" Url="html/0822477c-4292-228d-4ac4-e069f12ac899.htm" />
  <HelpKINode Title="GetResults method" Url="html/10bd2838-115f-c943-5c10-d93f98a0730b.htm" />
  <HelpKINode Title="IAnomalyDetectionApi interface">
    <HelpKINode Title="IAnomalyDetectionApi Interface" Url="html/2f24f852-99d9-94e5-572b-a69261be5b19.htm" />
    <HelpKINode Title="about IAnomalyDetectionApi interface" Url="html/2f24f852-99d9-94e5-572b-a69261be5b19.htm" />
    <HelpKINode Title="methods" Url="html/e971fc51-f5b9-4870-8b69-c0de48300de9.htm" />
  </HelpKINode>
  <HelpKINode Title="IAnomalyDetectionApi.CheckSample method" Url="html/31409a67-829f-13fb-ce19-397ff8bc7a1d.htm" />
  <HelpKINode Title="IAnomalyDetectionApi.GetPreviousSamples method" Url="html/0822477c-4292-228d-4ac4-e069f12ac899.htm" />
  <HelpKINode Title="IAnomalyDetectionApi.GetResults method" Url="html/10bd2838-115f-c943-5c10-d93f98a0730b.htm" />
  <HelpKINode Title="IAnomalyDetectionApi.ImportNewDataForClustering method" Url="html/dbf0909d-86ff-3c5d-f19a-0c0c8d33b138.htm" />
  <HelpKINode Title="IAnomalyDetectionApi.RecommendedNumberOfClusters method" Url="html/3ee4ca4e-29d4-b38b-7da0-c590a019de93.htm" />
  <HelpKINode Title="ImportNewDataForClustering method" Url="html/dbf0909d-86ff-3c5d-f19a-0c0c8d33b138.htm" />
  <HelpKINode Title="InClusterFarthestSample property" Url="html/027d7960-a946-81b5-5408-07499e03e2a6.htm" />
  <HelpKINode Title="InClusterFarthestSampleIndex property" Url="html/c46331db-8a93-343f-0965-d9e92dbd79a8.htm" />
  <HelpKINode Title="InClusterMaxDistance property" Url="html/e3dca21b-8151-a3f2-0ed2-720f1580dbd4.htm" />
  <HelpKINode Title="KmeansMaxIterations property" Url="html/cb9290e8-a396-c3c5-fe65-20a942d881e5.htm" />
  <HelpKINode Title="LoadPath property" Url="html/c0d66d51-da5d-945b-85f4-81928942eafa.htm" />
  <HelpKINode Title="Mean property" Url="html/d2900388-b5fa-1bc2-bfb3-38d9a9c765ef.htm" />
  <HelpKINode Title="Message property" Url="html/f9a793a1-ac08-8387-4d0f-08bfd428f2d4.htm" />
  <HelpKINode Title="NearestCluster property" Url="html/df351689-1e87-d00e-b35d-d65bf1b7fa76.htm" />
  <HelpKINode Title="NearestForeignSample property" Url="html/ef777dea-d55d-0d74-3e3e-a28917409450.htm" />
  <HelpKINode Title="NearestForeignSampleInNearestCluster property" Url="html/82627b50-7907-7b45-f605-2d46726faaaf.htm" />
  <HelpKINode Title="NumberOfAttributes property" Url="html/edf6f75e-561f-f508-27d0-7b1f90064e10.htm" />
  <HelpKINode Title="NumberOfClusters property" Url="html/5561483f-e852-3588-0b9e-fc126f0da1af.htm" />
  <HelpKINode Title="ProjectPath property" Url="html/62b5dc60-1f93-fb26-f48f-8f6a282500fb.htm" />
  <HelpKINode Title="RawData property" Url="html/28a1086a-a342-c4f5-67d2-031fb09d0458.htm" />
  <HelpKINode Title="RecommendedNumberOfClusters method" Url="html/3ee4ca4e-29d4-b38b-7da0-c590a019de93.htm" />
  <HelpKINode Title="Replace property" Url="html/64559493-315f-7497-0025-e78a9bf3e15b.htm" />
  <HelpKINode Title="Sample property" Url="html/5ec20095-389b-d946-0bf3-0561baed69c6.htm" />
  <HelpKINode Title="SamplesInClusterNumber method" Url="html/0383961e-84c2-349c-02cc-a0fb087c3a79.htm" />
  <HelpKINode Title="SavePath property" Url="html/e3c7efdb-776f-854f-f5be-85dafa67fd2d.htm" />
  <HelpKINode Title="StandardDeviation property" Url="html/63824e06-b3ae-bc84-7d62-8cd2b5c768de.htm" />
  <HelpKINode Title="tolerance property" Url="html/39b012d3-5ccb-1ae7-0114-81638a428657.htm" />
</HelpKI>
