﻿<?xml version="1.0" encoding="utf-8"?>
<HelpKI>
  <HelpKINode Title="Allocate method" Url="html/250645e0-4956-8511-1816-e2864ef30773.htm" />
  <HelpKINode Title="AnomalyDetectionAPI class">
    <HelpKINode Title="AnomalyDetectionAPI Class" Url="html/f61b467b-58bf-e51b-4b19-15d6809ad7a1.htm" />
    <HelpKINode Title="about AnomalyDetectionAPI class" Url="html/f61b467b-58bf-e51b-4b19-15d6809ad7a1.htm" />
    <HelpKINode Title="constructor" Url="html/6fb008a6-afd0-eedb-35be-6651c2f864b4.htm" />
    <HelpKINode Title="methods" Url="html/e98d4c7a-24b0-dbfd-9914-1b6b98fc1343.htm" />
    <HelpKINode Title="properties" Url="html/29b324fd-94af-3404-b737-446121625012.htm" />
  </HelpKINode>
  <HelpKINode Title="AnomalyDetectionApi namespace" Url="html/5f491dc2-af49-ccf0-759f-b3935ed4e100.htm" />
  <HelpKINode Title="AnomalyDetectionAPI.Allocate method" Url="html/250645e0-4956-8511-1816-e2864ef30773.htm" />
  <HelpKINode Title="AnomalyDetectionApi.AnomalyDetectionAPI class" Url="html/f61b467b-58bf-e51b-4b19-15d6809ad7a1.htm" />
  <HelpKINode Title="AnomalyDetectionAPI.AnomalyDetectionAPI constructor" Url="html/6fb008a6-afd0-eedb-35be-6651c2f864b4.htm" />
  <HelpKINode Title="AnomalyDetectionAPI.Assign method" Url="html/89ad1338-fb04-3504-0377-a0d1ab5d4912.htm" />
  <HelpKINode Title="AnomalyDetectionAPI.CalculateDistance method" Url="html/9c51cf20-b449-c01c-00b8-c87eba7354db.htm" />
  <HelpKINode Title="AnomalyDetectionAPI.Centroids property" Url="html/2a84fe45-03c6-b907-6005-a4adcb1457c8.htm" />
  <HelpKINode Title="AnomalyDetectionAPI.CheckPath method" Url="html/1cc79c39-4242-7d0d-74d0-f6f59bc9082a.htm" />
  <HelpKINode Title="AnomalyDetectionAPI.CheckSample method" Url="html/25e7d53a-bd97-8447-5b60-7b20028469c5.htm" />
  <HelpKINode Title="AnomalyDetectionAPI.ComputeCentroid method" Url="html/4a550bd1-174f-7d3e-0842-320ef0c93bc6.htm" />
  <HelpKINode Title="AnomalyDetectionAPI.DataToClusterMapping property" Url="html/ed9d75e6-79ad-e625-3ee7-2d5b8e203130.htm" />
  <HelpKINode Title="AnomalyDetectionAPI.GetPreviousSamples method" Url="html/72234507-1caa-dc9d-6535-3653d909a8d3.htm" />
  <HelpKINode Title="AnomalyDetectionAPI.GetResults method" Url="html/c5acd246-5e0a-d818-a4c3-63e1db304053.htm" />
  <HelpKINode Title="AnomalyDetectionAPI.ImportNewDataForClustering method" Url="html/ab4d6c05-b4f1-77d2-309b-d8b12b277dc6.htm" />
  <HelpKINode Title="AnomalyDetectionAPI.InClusterMaxDistance property" Url="html/0da99ddd-1047-41b9-0dcc-0ff0f5a51110.htm" />
  <HelpKINode Title="AnomalyDetectionAPI.InitClustering method" Url="html/c343edfe-ab7b-ee63-5829-341ba1efa72d.htm" />
  <HelpKINode Title="AnomalyDetectionAPI.KMeansClusteringAlg method" Url="html/0811149f-a0d7-0658-e57b-98fd1aa2e512.htm" />
  <HelpKINode Title="AnomalyDetectionAPI.LoadJSON_AnomalyDetectionAPI method" Url="html/2f1c18d9-57f7-e0f8-8dea-6c9fbe1279b7.htm" />
  <HelpKINode Title="AnomalyDetectionAPI.LoadJSON_ClusteringResults method" Url="html/3012ff73-babd-7e52-8c49-4808a26c7b7f.htm" />
  <HelpKINode Title="AnomalyDetectionAPI.MinIndex method" Url="html/62c8b322-760d-5ac5-1865-129936fc5d32.htm" />
  <HelpKINode Title="AnomalyDetectionAPI.NumberOfClusters property" Url="html/6916dae1-44d3-d68e-407f-e335c3ab6533.htm" />
  <HelpKINode Title="AnomalyDetectionAPI.PreproccessingOfParameters method" Url="html/1511eb97-572c-e7fb-fffd-3826bf072bab.htm" />
  <HelpKINode Title="AnomalyDetectionAPI.PrivateCheckSamples method" Url="html/a7e2c22e-df7d-ffb3-2fbd-77c3f99e829a.htm" />
  <HelpKINode Title="AnomalyDetectionAPI.RadialClustersCheck method" Url="html/c5f0b46f-e592-62f6-df1c-a3295cecdf57.htm" />
  <HelpKINode Title="AnomalyDetectionAPI.RawData property" Url="html/b284a9c2-3b1d-d0c4-c945-9663394191d5.htm" />
  <HelpKINode Title="AnomalyDetectionAPI.RecommendedNumberOfClusters method" Url="html/fc218a3f-bd84-0179-c8df-ac08e9dd742a.htm" />
  <HelpKINode Title="AnomalyDetectionAPI.SaveToJSON method" Url="html/1fd07145-36f3-9e4a-9c8d-35d43074a336.htm" />
  <HelpKINode Title="AnomalyDetectionAPI.StdDeviationClustersCheck method" Url="html/2b85e4e9-fef3-09e9-f67c-c952a9d6cc72.htm" />
  <HelpKINode Title="AnomalyDetectionAPI.UpdateCentroids method" Url="html/4c0142b4-ea4a-1ca5-ea02-5f85bf8164b3.htm" />
  <HelpKINode Title="AnomalyDetectionAPI.UpdateMeans method" Url="html/10a58ce9-cb2a-e38f-ab32-acb32504b359.htm" />
  <HelpKINode Title="AnomalyDetectionAPI.VerifyRawDataConsistency method" Url="html/c406327f-580f-3c63-0beb-1c9fb5315bec.htm" />
  <HelpKINode Title="Assign method" Url="html/89ad1338-fb04-3504-0377-a0d1ab5d4912.htm" />
  <HelpKINode Title="CalculateDistance method" Url="html/9c51cf20-b449-c01c-00b8-c87eba7354db.htm" />
  <HelpKINode Title="Centroids property" Url="html/2a84fe45-03c6-b907-6005-a4adcb1457c8.htm" />
  <HelpKINode Title="CheckPath method" Url="html/1cc79c39-4242-7d0d-74d0-f6f59bc9082a.htm" />
  <HelpKINode Title="CheckSample method" Url="html/25e7d53a-bd97-8447-5b60-7b20028469c5.htm" />
  <HelpKINode Title="ComputeCentroid method" Url="html/4a550bd1-174f-7d3e-0842-320ef0c93bc6.htm" />
  <HelpKINode Title="DataToClusterMapping property" Url="html/ed9d75e6-79ad-e625-3ee7-2d5b8e203130.htm" />
  <HelpKINode Title="GetPreviousSamples method" Url="html/72234507-1caa-dc9d-6535-3653d909a8d3.htm" />
  <HelpKINode Title="GetResults method" Url="html/c5acd246-5e0a-d818-a4c3-63e1db304053.htm" />
  <HelpKINode Title="ImportNewDataForClustering method" Url="html/ab4d6c05-b4f1-77d2-309b-d8b12b277dc6.htm" />
  <HelpKINode Title="InClusterMaxDistance property" Url="html/0da99ddd-1047-41b9-0dcc-0ff0f5a51110.htm" />
  <HelpKINode Title="InitClustering method" Url="html/c343edfe-ab7b-ee63-5829-341ba1efa72d.htm" />
  <HelpKINode Title="KMeansClusteringAlg method" Url="html/0811149f-a0d7-0658-e57b-98fd1aa2e512.htm" />
  <HelpKINode Title="LoadJSON_AnomalyDetectionAPI method" Url="html/2f1c18d9-57f7-e0f8-8dea-6c9fbe1279b7.htm" />
  <HelpKINode Title="LoadJSON_ClusteringResults method" Url="html/3012ff73-babd-7e52-8c49-4808a26c7b7f.htm" />
  <HelpKINode Title="MinIndex method" Url="html/62c8b322-760d-5ac5-1865-129936fc5d32.htm" />
  <HelpKINode Title="NumberOfClusters property" Url="html/6916dae1-44d3-d68e-407f-e335c3ab6533.htm" />
  <HelpKINode Title="PreproccessingOfParameters method" Url="html/1511eb97-572c-e7fb-fffd-3826bf072bab.htm" />
  <HelpKINode Title="PrivateCheckSamples method" Url="html/a7e2c22e-df7d-ffb3-2fbd-77c3f99e829a.htm" />
  <HelpKINode Title="RadialClustersCheck method" Url="html/c5f0b46f-e592-62f6-df1c-a3295cecdf57.htm" />
  <HelpKINode Title="RawData property" Url="html/b284a9c2-3b1d-d0c4-c945-9663394191d5.htm" />
  <HelpKINode Title="RecommendedNumberOfClusters method" Url="html/fc218a3f-bd84-0179-c8df-ac08e9dd742a.htm" />
  <HelpKINode Title="SaveToJSON method" Url="html/1fd07145-36f3-9e4a-9c8d-35d43074a336.htm" />
  <HelpKINode Title="StdDeviationClustersCheck method" Url="html/2b85e4e9-fef3-09e9-f67c-c952a9d6cc72.htm" />
  <HelpKINode Title="UpdateCentroids method" Url="html/4c0142b4-ea4a-1ca5-ea02-5f85bf8164b3.htm" />
  <HelpKINode Title="UpdateMeans method" Url="html/10a58ce9-cb2a-e38f-ab32-acb32504b359.htm" />
  <HelpKINode Title="VerifyRawDataConsistency method" Url="html/c406327f-580f-3c63-0beb-1c9fb5315bec.htm" />
</HelpKI>
