﻿<?xml version="1.0" encoding="utf-8"?>
<HelpTOC>

  <HelpTOCNode Id="f92e9aff-abc1-4026-b8fd-597920b075d7" Title="AnomalyDetectionApi" Url="html/5f491dc2-af49-ccf0-759f-b3935ed4e100.htm">
    <HelpTOCNode Id="ac76ca92-40c8-4042-a6b1-1ef63c8bbee7" Title="AnomalyDetectionAPI Class" Url="html/f61b467b-58bf-e51b-4b19-15d6809ad7a1.htm">
      <HelpTOCNode Title="AnomalyDetectionAPI Constructor " Url="html/6fb008a6-afd0-eedb-35be-6651c2f864b4.htm" />
      <HelpTOCNode Id="7b8eb9dc-7d32-4aaa-a358-2057ab6739eb" Title="AnomalyDetectionAPI Properties" Url="html/29b324fd-94af-3404-b737-446121625012.htm">
        <HelpTOCNode Title="Centroids Property " Url="html/2a84fe45-03c6-b907-6005-a4adcb1457c8.htm" />
        <HelpTOCNode Title="DataToClusterMapping Property " Url="html/ed9d75e6-79ad-e625-3ee7-2d5b8e203130.htm" />
        <HelpTOCNode Title="InClusterMaxDistance Property " Url="html/0da99ddd-1047-41b9-0dcc-0ff0f5a51110.htm" />
        <HelpTOCNode Title="NumberOfClusters Property " Url="html/6916dae1-44d3-d68e-407f-e335c3ab6533.htm" />
        <HelpTOCNode Title="RawData Property " Url="html/b284a9c2-3b1d-d0c4-c945-9663394191d5.htm" />
      </HelpTOCNode>
      <HelpTOCNode Id="7c9a83be-3baf-4cca-bdd0-3cae452a7ebe" Title="AnomalyDetectionAPI Methods" Url="html/e98d4c7a-24b0-dbfd-9914-1b6b98fc1343.htm">
        <HelpTOCNode Title="Allocate Method " Url="html/250645e0-4956-8511-1816-e2864ef30773.htm" />
        <HelpTOCNode Title="Assign Method " Url="html/89ad1338-fb04-3504-0377-a0d1ab5d4912.htm" />
        <HelpTOCNode Title="CalculateDistance Method " Url="html/9c51cf20-b449-c01c-00b8-c87eba7354db.htm" />
        <HelpTOCNode Title="CheckPath Method " Url="html/1cc79c39-4242-7d0d-74d0-f6f59bc9082a.htm" />
        <HelpTOCNode Title="CheckSample Method " Url="html/25e7d53a-bd97-8447-5b60-7b20028469c5.htm" />
        <HelpTOCNode Title="ComputeCentroid Method " Url="html/4a550bd1-174f-7d3e-0842-320ef0c93bc6.htm" />
        <HelpTOCNode Title="GetPreviousSamples Method " Url="html/72234507-1caa-dc9d-6535-3653d909a8d3.htm" />
        <HelpTOCNode Title="GetResults Method " Url="html/c5acd246-5e0a-d818-a4c3-63e1db304053.htm" />
        <HelpTOCNode Title="ImportNewDataForClustering Method " Url="html/ab4d6c05-b4f1-77d2-309b-d8b12b277dc6.htm" />
        <HelpTOCNode Title="InitClustering Method " Url="html/c343edfe-ab7b-ee63-5829-341ba1efa72d.htm" />
        <HelpTOCNode Title="KMeansClusteringAlg Method " Url="html/0811149f-a0d7-0658-e57b-98fd1aa2e512.htm" />
        <HelpTOCNode Title="LoadJSON_AnomalyDetectionAPI Method " Url="html/2f1c18d9-57f7-e0f8-8dea-6c9fbe1279b7.htm" />
        <HelpTOCNode Title="LoadJSON_ClusteringResults Method " Url="html/3012ff73-babd-7e52-8c49-4808a26c7b7f.htm" />
        <HelpTOCNode Title="MinIndex Method " Url="html/62c8b322-760d-5ac5-1865-129936fc5d32.htm" />
        <HelpTOCNode Title="PreproccessingOfParameters Method " Url="html/1511eb97-572c-e7fb-fffd-3826bf072bab.htm" />
        <HelpTOCNode Title="PrivateCheckSamples Method " Url="html/a7e2c22e-df7d-ffb3-2fbd-77c3f99e829a.htm" />
        <HelpTOCNode Title="RadialClustersCheck Method " Url="html/c5f0b46f-e592-62f6-df1c-a3295cecdf57.htm" />
        <HelpTOCNode Title="RecommendedNumberOfClusters Method " Url="html/fc218a3f-bd84-0179-c8df-ac08e9dd742a.htm" />
        <HelpTOCNode Id="376675a7-d8f5-4b7d-b890-891d3c4a5c18" Title="SaveToJSON Method " Url="html/1fd07145-36f3-9e4a-9c8d-35d43074a336.htm">
          <HelpTOCNode Title="SaveToJSON Method (String, ClusteringResults[])" Url="html/841e594e-30a7-2c2b-039e-f8ed39e60b28.htm" />
          <HelpTOCNode Title="SaveToJSON Method (String, AnomalyDetectionAPI)" Url="html/82ee85e4-5d37-611e-da73-c1e5d6abb00d.htm" />
        </HelpTOCNode>
        <HelpTOCNode Title="StdDeviationClustersCheck Method " Url="html/2b85e4e9-fef3-09e9-f67c-c952a9d6cc72.htm" />
        <HelpTOCNode Title="UpdateCentroids Method " Url="html/4c0142b4-ea4a-1ca5-ea02-5f85bf8164b3.htm" />
        <HelpTOCNode Title="UpdateMeans Method " Url="html/10a58ce9-cb2a-e38f-ab32-acb32504b359.htm" />
        <HelpTOCNode Title="VerifyRawDataConsistency Method " Url="html/c406327f-580f-3c63-0beb-1c9fb5315bec.htm" />
      </HelpTOCNode>
    </HelpTOCNode>
  </HelpTOCNode>
</HelpTOC>
