﻿<?xml version="1.0" encoding="utf-8"?><HelpTOCNode Title="ClusteringResults Properties" Url="html/fed6e27e-2b5f-f5f7-da30-e151a6f14954.htm"><HelpTOCNode Title="Centroid Property " Url="html/2fa69c75-1bb8-e63a-3734-a5ab97688649.htm" /><HelpTOCNode Title="ClusterData Property " Url="html/8b1e32bd-2149-261f-1f50-bae1f572f60f.htm" /><HelpTOCNode Title="ClusterDataDistanceToCentroid Property " Url="html/a512c7bc-7b9a-970b-7aa3-68391dfe33db.htm" /><HelpTOCNode Title="ClusterDataOriginalIndex Property " Url="html/5b7af3c3-979e-4ade-d2d7-4495c68671b2.htm" /><HelpTOCNode Title="ClusterOfNearestForeignSample Property " Url="html/bb6c608a-c2de-97d9-630f-90fa09f47b71.htm" /><HelpTOCNode Title="DistanceToNearestClusterCentroid Property " Url="html/45a53726-8f1c-72e4-e503-7d0f5b2bc9f2.htm" /><HelpTOCNode Title="DistanceToNearestForeignSample Property " Url="html/3ec87f43-2cc8-6a0b-dc8f-379dbdf6d6d3.htm" /><HelpTOCNode Title="DistanceToNearestForeignSampleInNearestCluster Property " Url="html/5735331f-0dfc-3af1-4c0e-2f4a9efe809b.htm" /><HelpTOCNode Title="InClusterFarthestSample Property " Url="html/027d7960-a946-81b5-5408-07499e03e2a6.htm" /><HelpTOCNode Title="InClusterFarthestSampleIndex Property " Url="html/c46331db-8a93-343f-0965-d9e92dbd79a8.htm" /><HelpTOCNode Title="InClusterMaxDistance Property " Url="html/e3dca21b-8151-a3f2-0ed2-720f1580dbd4.htm" /><HelpTOCNode Title="Mean Property " Url="html/d2900388-b5fa-1bc2-bfb3-38d9a9c765ef.htm" /><HelpTOCNode Title="NearestCluster Property " Url="html/df351689-1e87-d00e-b35d-d65bf1b7fa76.htm" /><HelpTOCNode Title="NearestForeignSample Property " Url="html/ef777dea-d55d-0d74-3e3e-a28917409450.htm" /><HelpTOCNode Title="NearestForeignSampleInNearestCluster Property " Url="html/82627b50-7907-7b45-f605-2d46726faaaf.htm" /><HelpTOCNode Title="StandardDeviation Property " Url="html/63824e06-b3ae-bc84-7d62-8cd2b5c768de.htm" /></HelpTOCNode>