﻿<?xml version="1.0" encoding="utf-8"?>
<HelpTOC>

  <HelpTOCNode Id="c61dc466-7818-4203-987a-eb75d4e9ef7c" Title="AnomalyDetection.Interfaces" Url="html/c96bdaf8-f960-d04a-1500-8244937d85d2.htm">
    <HelpTOCNode Id="adbc317c-0a39-4529-8fa2-cb31a9e9e893" Title="AnomalyDetectionResponse Class" Url="html/016783b6-dab4-1427-5b02-c9e609d59bd8.htm">
      <HelpTOCNode Title="AnomalyDetectionResponse Constructor " Url="html/850da876-ad78-244a-dce8-dda682207624.htm" />
      <HelpTOCNode Id="07592a68-118f-4e15-b93d-0c42ca7dafdb" Title="AnomalyDetectionResponse Properties" Url="html/11de1317-a690-5d15-68cc-07174d47f184.htm">
        <HelpTOCNode Title="Code Property " Url="html/818c9872-1b9f-965c-7736-c3a28956b2ab.htm" />
        <HelpTOCNode Title="Message Property " Url="html/f9a793a1-ac08-8387-4d0f-08bfd428f2d4.htm" />
      </HelpTOCNode>
    </HelpTOCNode>
    <HelpTOCNode Id="77a9dce6-2ce0-49ec-a1ca-f6028637a852" Title="CheckingSampleSettings Class" Url="html/0a3d0bd1-3187-02ab-90f3-7b6259673090.htm">
      <HelpTOCNode Title="CheckingSampleSettings Constructor " Url="html/8c384363-bc3d-50c2-0343-cda68e9115ae.htm" />
      <HelpTOCNode Id="cc3ce6a6-ff83-4316-a8a0-5391410b4c15" Title="CheckingSampleSettings Properties" Url="html/c088e104-b2a4-ea31-9209-b7dc41da307c.htm">
        <HelpTOCNode Title="ProjectPath Property " Url="html/62b5dc60-1f93-fb26-f48f-8f6a282500fb.htm" />
        <HelpTOCNode Title="Sample Property " Url="html/5ec20095-389b-d946-0bf3-0561baed69c6.htm" />
        <HelpTOCNode Title="tolerance Property " Url="html/39b012d3-5ccb-1ae7-0114-81638a428657.htm" />
      </HelpTOCNode>
    </HelpTOCNode>
    <HelpTOCNode Id="77ebcf51-d73f-4e07-9f44-02707483470c" Title="ClusteringResults Class" Url="html/a7cd4cd3-e12c-4643-791b-e5519789f452.htm">
      <HelpTOCNode Title="ClusteringResults Constructor " Url="html/d5205a70-88c5-5942-b90b-9d4d3b79621a.htm" />
      <HelpTOCNode Id="5ebce01b-a644-4423-a978-76c4b72154d2" Title="ClusteringResults Properties" Url="html/fed6e27e-2b5f-f5f7-da30-e151a6f14954.htm">
        <HelpTOCNode Title="Centroid Property " Url="html/2fa69c75-1bb8-e63a-3734-a5ab97688649.htm" />
        <HelpTOCNode Title="ClusterData Property " Url="html/8b1e32bd-2149-261f-1f50-bae1f572f60f.htm" />
        <HelpTOCNode Title="ClusterDataDistanceToCentroid Property " Url="html/a512c7bc-7b9a-970b-7aa3-68391dfe33db.htm" />
        <HelpTOCNode Title="ClusterDataOriginalIndex Property " Url="html/5b7af3c3-979e-4ade-d2d7-4495c68671b2.htm" />
        <HelpTOCNode Title="ClusterOfNearestForeignSample Property " Url="html/bb6c608a-c2de-97d9-630f-90fa09f47b71.htm" />
        <HelpTOCNode Title="DistanceToNearestClusterCentroid Property " Url="html/45a53726-8f1c-72e4-e503-7d0f5b2bc9f2.htm" />
        <HelpTOCNode Title="DistanceToNearestForeignSample Property " Url="html/3ec87f43-2cc8-6a0b-dc8f-379dbdf6d6d3.htm" />
        <HelpTOCNode Title="DistanceToNearestForeignSampleInNearestCluster Property " Url="html/5735331f-0dfc-3af1-4c0e-2f4a9efe809b.htm" />
        <HelpTOCNode Title="InClusterFarthestSample Property " Url="html/027d7960-a946-81b5-5408-07499e03e2a6.htm" />
        <HelpTOCNode Title="InClusterFarthestSampleIndex Property " Url="html/c46331db-8a93-343f-0965-d9e92dbd79a8.htm" />
        <HelpTOCNode Title="InClusterMaxDistance Property " Url="html/e3dca21b-8151-a3f2-0ed2-720f1580dbd4.htm" />
        <HelpTOCNode Title="Mean Property " Url="html/d2900388-b5fa-1bc2-bfb3-38d9a9c765ef.htm" />
        <HelpTOCNode Title="NearestCluster Property " Url="html/df351689-1e87-d00e-b35d-d65bf1b7fa76.htm" />
        <HelpTOCNode Title="NearestForeignSample Property " Url="html/ef777dea-d55d-0d74-3e3e-a28917409450.htm" />
        <HelpTOCNode Title="NearestForeignSampleInNearestCluster Property " Url="html/82627b50-7907-7b45-f605-2d46726faaaf.htm" />
        <HelpTOCNode Title="StandardDeviation Property " Url="html/63824e06-b3ae-bc84-7d62-8cd2b5c768de.htm" />
      </HelpTOCNode>
      <HelpTOCNode Id="d70e7d75-7cd2-4108-bba8-3002861df897" Title="ClusteringResults Methods" Url="html/5edaeb6b-e99a-c193-09ef-d1e8b885250e.htm">
        <HelpTOCNode Title="AssignSamplesToClusters Method " Url="html/95b048bb-9dd1-ac8e-d814-151183d43d28.htm" />
        <HelpTOCNode Title="CalculateDistance Method " Url="html/2d33f239-0eb0-9ff4-87f7-694b0585bab9.htm" />
        <HelpTOCNode Title="CalculateMoreStatistics Method " Url="html/4c375ec6-52fc-61bd-20cb-5773b228ac24.htm" />
        <HelpTOCNode Title="CalculateNearestCluster Method " Url="html/18bc4587-a861-425e-a0eb-091fa3c20daa.htm" />
        <HelpTOCNode Title="CalculateStatistics Method " Url="html/20104296-e2ba-a68b-5d30-8d4d121b8021.htm" />
        <HelpTOCNode Title="CreateClusteringResult Method " Url="html/adecbc56-2341-c7d0-47d4-362e61b26a42.htm" />
        <HelpTOCNode Title="SamplesInClusterNumber Method " Url="html/0383961e-84c2-349c-02cc-a0fb087c3a79.htm" />
      </HelpTOCNode>
    </HelpTOCNode>
    <HelpTOCNode Id="708b79a3-bc88-4913-ab06-ab60ec88991d" Title="ClusteringSettings Class" Url="html/64667bda-b24a-4460-945d-b48c30ffac00.htm">
      <HelpTOCNode Title="ClusteringSettings Constructor " Url="html/c3e0c3a1-9017-e541-15e5-fac058ba92ac.htm" />
      <HelpTOCNode Id="5f81f64a-93f8-4d57-aa70-d33fb4ac3686" Title="ClusteringSettings Properties" Url="html/d8a9d58f-e366-01d8-06a9-ea57155f96ae.htm">
        <HelpTOCNode Title="KmeansMaxIterations Property " Url="html/cb9290e8-a396-c3c5-fe65-20a942d881e5.htm" />
        <HelpTOCNode Title="LoadPath Property " Url="html/c0d66d51-da5d-945b-85f4-81928942eafa.htm" />
        <HelpTOCNode Title="NumberOfAttributes Property " Url="html/edf6f75e-561f-f508-27d0-7b1f90064e10.htm" />
        <HelpTOCNode Title="NumberOfClusters Property " Url="html/5561483f-e852-3588-0b9e-fc126f0da1af.htm" />
        <HelpTOCNode Title="RawData Property " Url="html/28a1086a-a342-c4f5-67d2-031fb09d0458.htm" />
        <HelpTOCNode Title="Replace Property " Url="html/64559493-315f-7497-0025-e78a9bf3e15b.htm" />
        <HelpTOCNode Title="SavePath Property " Url="html/e3c7efdb-776f-854f-f5be-85dafa67fd2d.htm" />
      </HelpTOCNode>
    </HelpTOCNode>
    <HelpTOCNode Id="adc83d5b-ba3a-4743-8b96-c41537b197ae" Title="IAnomalyDetectionApi Interface" Url="html/2f24f852-99d9-94e5-572b-a69261be5b19.htm">
      <HelpTOCNode Id="dc13c29c-a4ed-464a-9d93-4ec97adfdc5d" Title="IAnomalyDetectionApi Methods" Url="html/e971fc51-f5b9-4870-8b69-c0de48300de9.htm">
        <HelpTOCNode Title="CheckSample Method " Url="html/31409a67-829f-13fb-ce19-397ff8bc7a1d.htm" />
        <HelpTOCNode Title="GetPreviousSamples Method " Url="html/0822477c-4292-228d-4ac4-e069f12ac899.htm" />
        <HelpTOCNode Title="GetResults Method " Url="html/10bd2838-115f-c943-5c10-d93f98a0730b.htm" />
        <HelpTOCNode Title="ImportNewDataForClustering Method " Url="html/dbf0909d-86ff-3c5d-f19a-0c0c8d33b138.htm" />
        <HelpTOCNode Title="RecommendedNumberOfClusters Method " Url="html/3ee4ca4e-29d4-b38b-7da0-c590a019de93.htm" />
      </HelpTOCNode>
    </HelpTOCNode>
  </HelpTOCNode>
</HelpTOC>
